old_url,new_url
https://naturapets.fr/xoom,http://naturapets.local/medaillons/np-t9jc2csl9e/
https://naturapets.fr/fmpi,http://naturapets.local/medaillons/np-ls85qdgyuu/
https://naturapets.fr/ngum,http://naturapets.local/medaillons/np-v2zg06izzv/
https://naturapets.fr/znjn,http://naturapets.local/medaillons/np-u72bzdt9er/
https://naturapets.fr/ilwc,http://naturapets.local/medaillons/np-klq1lmdv4c/
https://naturapets.fr/gmrm,http://naturapets.local/medaillons/np-kn5iq5p60o/
https://naturapets.fr/hqgt,http://naturapets.local/medaillons/np-n5cwianc95/
https://naturapets.fr/kfrk,http://naturapets.local/medaillons/np-uecjp9mvhn/
https://naturapets.fr/mjve,http://naturapets.local/medaillons/np-gptwtvep80/
https://naturapets.fr/xiik,http://naturapets.local/medaillons/np-1c4ncpjcmu/
https://naturapets.fr/jlha,http://naturapets.local/medaillons/np-ovew3ovypb/
https://naturapets.fr/pflx,http://naturapets.local/medaillons/np-h64gi8om1r/
https://naturapets.fr/tukw,http://naturapets.local/medaillons/np-6dvymxdgxc/
https://naturapets.fr/yqfc,http://naturapets.local/medaillons/np-5tqxyz2gxi/
https://naturapets.fr/tnbf,http://naturapets.local/medaillons/np-dohi6uc0ln/
https://naturapets.fr/qcap,http://naturapets.local/medaillons/np-z0rix4v8br/
https://naturapets.fr/tisx,http://naturapets.local/medaillons/np-orbupkmqyi/
https://naturapets.fr/kxow,http://naturapets.local/medaillons/np-vwndznmnxg/
https://naturapets.fr/jcsd,http://naturapets.local/medaillons/np-dquo8h7upg/
https://naturapets.fr/ezzy,http://naturapets.local/medaillons/np-vtaewzsy27/
https://naturapets.fr/dsiv,http://naturapets.local/medaillons/np-zxgn4spl17/
https://naturapets.fr/bdcm,http://naturapets.local/medaillons/np-dpfla5bjm5/
https://naturapets.fr/nvvw,http://naturapets.local/medaillons/np-edigtlzrum/
https://naturapets.fr/argz,http://naturapets.local/medaillons/np-ctgecjdlpd/
https://naturapets.fr/hwgu,http://naturapets.local/medaillons/np-tukaiavjsb/
https://naturapets.fr/teea,http://naturapets.local/medaillons/np-zzkoxyc2dg/
https://naturapets.fr/owum,http://naturapets.local/medaillons/np-g8acqp16fw/
https://naturapets.fr/axas,http://naturapets.local/medaillons/np-wimxrtxswc/
https://naturapets.fr/sgja,http://naturapets.local/medaillons/np-wlzmksoiox/
https://naturapets.fr/sjay,http://naturapets.local/medaillons/np-thibk0jalf/
https://naturapets.fr/mmgr,http://naturapets.local/medaillons/np-qjhxhebqvs/
https://naturapets.fr/yczh,http://naturapets.local/medaillons/np-9znvdkzlop/
https://naturapets.fr/vtot,http://naturapets.local/medaillons/np-trtnnhkft8/
https://naturapets.fr/ndks,http://naturapets.local/medaillons/np-fulna5rkph/
https://naturapets.fr/rclw,http://naturapets.local/medaillons/np-dx5fr8vkwe/
https://naturapets.fr/ktde,http://naturapets.local/medaillons/np-n7napfxolj/
https://naturapets.fr/jalm,http://naturapets.local/medaillons/np-vqklvrtczj/
https://naturapets.fr/pjun,http://naturapets.local/medaillons/np-pic7aygcfu/
https://naturapets.fr/xdqp,http://naturapets.local/medaillons/np-ava0ldkbok/
https://naturapets.fr/dcou,http://naturapets.local/medaillons/np-nmlxoyzmdb/
https://naturapets.fr/xaih,http://naturapets.local/medaillons/np-utjrb8pup2/
https://naturapets.fr/oahv,http://naturapets.local/medaillons/np-onanzhmbx2/
https://naturapets.fr/ewrq,http://naturapets.local/medaillons/np-vzgafxfj0u/
https://naturapets.fr/wggq,http://naturapets.local/medaillons/np-zu8h6xqlqu/
https://naturapets.fr/rqoj,http://naturapets.local/medaillons/np-mmbjg0jl5n/
https://naturapets.fr/fekp,http://naturapets.local/medaillons/np-quqp3ttfra/
https://naturapets.fr/gkqd,http://naturapets.local/medaillons/np-mxb1ezwaor/
https://naturapets.fr/wjen,http://naturapets.local/medaillons/np-zlm9jdvktd/
https://naturapets.fr/pfrq,http://naturapets.local/medaillons/np-ieh39eywjh/
https://naturapets.fr/kudn,http://naturapets.local/medaillons/np-mbps1mx6br/
https://naturapets.fr/awzv,http://naturapets.local/medaillons/np-i6ermsfkjx/
https://naturapets.fr/eghk,http://naturapets.local/medaillons/np-iqu0vwqil3/
https://naturapets.fr/dnec,http://naturapets.local/medaillons/np-cfssz4zsph/
https://naturapets.fr/aevw,http://naturapets.local/medaillons/np-efqnykxdce/
https://naturapets.fr/ziqv,http://naturapets.local/medaillons/np-jhxxbm0lvu/
https://naturapets.fr/kgqz,http://naturapets.local/medaillons/np-w5yuwoxjkj/
https://naturapets.fr/pblh,http://naturapets.local/medaillons/np-tullxeyb7j/
https://naturapets.fr/gjbj,http://naturapets.local/medaillons/np-7rkojajqmp/
https://naturapets.fr/sbut,http://naturapets.local/medaillons/np-exv5wtklyw/
https://naturapets.fr/plcb,http://naturapets.local/medaillons/np-c6osmiigt4/
https://naturapets.fr/vqzv,http://naturapets.local/medaillons/np-fuurbcsbgu/
https://naturapets.fr/xybd,http://naturapets.local/medaillons/np-ca6gjwliwg/
https://naturapets.fr/jant,http://naturapets.local/medaillons/np-c9kpcyoo3p/
https://naturapets.fr/ghwp,http://naturapets.local/medaillons/np-aykfdqygs1/
https://naturapets.fr/jiee,http://naturapets.local/medaillons/np-a3mojbgq6e/
https://naturapets.fr/pmsy,http://naturapets.local/medaillons/np-fojqflid8x/
https://naturapets.fr/qxmd,http://naturapets.local/medaillons/np-bfhl96yd6l/
https://naturapets.fr/wtuc,http://naturapets.local/medaillons/np-fdcja1hrtt/
https://naturapets.fr/cyrq,http://naturapets.local/medaillons/np-w27smg3vah/
https://naturapets.fr/bvmf,http://naturapets.local/medaillons/np-zdgbywsprf/
https://naturapets.fr/dwdi,http://naturapets.local/medaillons/np-ej252sabss/
https://naturapets.fr/irrg,http://naturapets.local/medaillons/np-vbqnn90twk/
https://naturapets.fr/mzyu,http://naturapets.local/medaillons/np-mwp5vrdtrq/
https://naturapets.fr/ccfu,http://naturapets.local/medaillons/np-bbishrc78g/
https://naturapets.fr/xbqf,http://naturapets.local/medaillons/np-rgdqvyewsq/
https://naturapets.fr/soqi,http://naturapets.local/medaillons/np-gvphp8qnv0/
https://naturapets.fr/paxp,http://naturapets.local/medaillons/np-svbmixrouz/
https://naturapets.fr/lpzh,http://naturapets.local/medaillons/np-qhoqqtglwb/
https://naturapets.fr/suor,http://naturapets.local/medaillons/np-jfsiqiqwrq/
https://naturapets.fr/aldw,http://naturapets.local/medaillons/np-ujpfldgr0p/
https://naturapets.fr/gjxb,http://naturapets.local/medaillons/np-su9h3uhnqy/
https://naturapets.fr/peyl,http://naturapets.local/medaillons/np-lzmh3iewvt/
https://naturapets.fr/uzdk,http://naturapets.local/medaillons/np-prwfz9xx2t/
https://naturapets.fr/diek,http://naturapets.local/medaillons/np-jieg4kctau/
https://naturapets.fr/esjh,http://naturapets.local/medaillons/np-8hwyjxfnm6/
https://naturapets.fr/awfu,http://naturapets.local/medaillons/np-lymobjfn11/
https://naturapets.fr/ovbe,http://naturapets.local/medaillons/np-vhvm3xz1be/
https://naturapets.fr/zceb,http://naturapets.local/medaillons/np-dyyvibc7l7/
https://naturapets.fr/qiax,http://naturapets.local/medaillons/np-vbfhvzbjd1/
https://naturapets.fr/ukmw,http://naturapets.local/medaillons/np-ppkzchrcng/
https://naturapets.fr/wcih,http://naturapets.local/medaillons/np-yefurlomnr/
https://naturapets.fr/iqqr,http://naturapets.local/medaillons/np-mest7m9faz/
https://naturapets.fr/jxcd,http://naturapets.local/medaillons/np-kswarr7h4e/
https://naturapets.fr/thal,http://naturapets.local/medaillons/np-omb3nki1wa/
https://naturapets.fr/jfcx,http://naturapets.local/medaillons/np-hljndvzwza/
https://naturapets.fr/dskk,http://naturapets.local/medaillons/np-3dlmlzudd4/
https://naturapets.fr/mqgj,http://naturapets.local/medaillons/np-bluqwqcxaf/
https://naturapets.fr/xkzp,http://naturapets.local/medaillons/np-xvtoldtl9j/
https://naturapets.fr/jebj,http://naturapets.local/medaillons/np-ivg2oixphw/
https://naturapets.fr/rlkm,http://naturapets.local/medaillons/np-4xjxdy8y2a/
https://naturapets.fr/usfe,http://naturapets.local/medaillons/np-dbh0mlnhpa/
https://naturapets.fr/gxek,http://naturapets.local/medaillons/np-5mrofbgkuu/
https://naturapets.fr/igjx,http://naturapets.local/medaillons/np-snncmusugl/
https://naturapets.fr/erpx,http://naturapets.local/medaillons/np-t1xtsh7zr7/
https://naturapets.fr/oego,http://naturapets.local/medaillons/np-nnqypdmkgt/
https://naturapets.fr/dqce,http://naturapets.local/medaillons/np-47bc05rzah/
https://naturapets.fr/khuq,http://naturapets.local/medaillons/np-d0txlmt1s0/
https://naturapets.fr/tmop,http://naturapets.local/medaillons/np-g7y3eqxj8l/
https://naturapets.fr/qhaf,http://naturapets.local/medaillons/np-vs91e3jxvf/
https://naturapets.fr/etau,http://naturapets.local/medaillons/np-nfozlsuchc/
https://naturapets.fr/lnas,http://naturapets.local/medaillons/np-sbiwkywsbn/
https://naturapets.fr/pcty,http://naturapets.local/medaillons/np-hbzwfn42tn/
https://naturapets.fr/nbyn,http://naturapets.local/medaillons/np-noaxjxabns/
https://naturapets.fr/tnud,http://naturapets.local/medaillons/np-hgmqnyo04c/
https://naturapets.fr/ndgm,http://naturapets.local/medaillons/np-zx3enp3sxw/
https://naturapets.fr/bgck,http://naturapets.local/medaillons/np-wcchekwogk/
https://naturapets.fr/mumm,http://naturapets.local/medaillons/np-3ldhe0wdr0/
https://naturapets.fr/xlbv,http://naturapets.local/medaillons/np-2uq3xvlnqm/
https://naturapets.fr/yrvq,http://naturapets.local/medaillons/np-k19lwtbpsf/
https://naturapets.fr/lvol,http://naturapets.local/medaillons/np-nps9s2qihq/
https://naturapets.fr/ctib,http://naturapets.local/medaillons/np-wzpentj1ji/
https://naturapets.fr/gyei,http://naturapets.local/medaillons/np-6vj8uo1fhe/
https://naturapets.fr/vogm,http://naturapets.local/medaillons/np-6maytbyppp/
https://naturapets.fr/uzaw,http://naturapets.local/medaillons/np-mwzfiqvkg1/
https://naturapets.fr/nztv,http://naturapets.local/medaillons/np-skfl7gtw1m/
https://naturapets.fr/stiq,http://naturapets.local/medaillons/np-twrptzh0dc/
https://naturapets.fr/bret,http://naturapets.local/medaillons/np-pix1monuld/
https://naturapets.fr/lanm,http://naturapets.local/medaillons/np-gwdqfldviv/
https://naturapets.fr/okju,http://naturapets.local/medaillons/np-4dki8egcfd/
https://naturapets.fr/yjzo,http://naturapets.local/medaillons/np-cjangbbgsr/
https://naturapets.fr/lkbm,http://naturapets.local/medaillons/np-hmpdtu5ngb/
https://naturapets.fr/dqht,http://naturapets.local/medaillons/np-n6iwpqjimi/
https://naturapets.fr/zrpd,http://naturapets.local/medaillons/np-kilnopbbya/
https://naturapets.fr/nsgu,http://naturapets.local/medaillons/np-f80qow5exl/
https://naturapets.fr/vkmm,http://naturapets.local/medaillons/np-iwualdu7xi/
https://naturapets.fr/jgeh,http://naturapets.local/medaillons/np-f3kxhismhg/
https://naturapets.fr/nmeh,http://naturapets.local/medaillons/np-f8xwyhermt/
https://naturapets.fr/ocnj,http://naturapets.local/medaillons/np-gkv9eg4nkt/
https://naturapets.fr/sfwj,http://naturapets.local/medaillons/np-mgy0qbkm6s/
https://naturapets.fr/mcok,http://naturapets.local/medaillons/np-glt5sjquvp/
https://naturapets.fr/lval,http://naturapets.local/medaillons/np-6qdv8gaald/
https://naturapets.fr/otgx,http://naturapets.local/medaillons/np-f2vs5zzvea/
https://naturapets.fr/eaeg,http://naturapets.local/medaillons/np-uzxrchsuxh/
https://naturapets.fr/wsfq,http://naturapets.local/medaillons/np-lzqqb5fuzw/
https://naturapets.fr/zxyq,http://naturapets.local/medaillons/np-odw4kcdthw/
https://naturapets.fr/rtfd,http://naturapets.local/medaillons/np-oov8vqhavl/
https://naturapets.fr/wyma,http://naturapets.local/medaillons/np-va8zoowwjy/
https://naturapets.fr/bvvr,http://naturapets.local/medaillons/np-jenmzaydgm/
https://naturapets.fr/tnff,http://naturapets.local/medaillons/np-rwbg2mckbj/
https://naturapets.fr/wiwy,http://naturapets.local/medaillons/np-te3natqbac/
https://naturapets.fr/kxds,http://naturapets.local/medaillons/np-zm9c6ha6jv/
https://naturapets.fr/anlw,http://naturapets.local/medaillons/np-cmo3vg5d9s/
https://naturapets.fr/nows,http://naturapets.local/medaillons/np-mpmiofzoc7/
https://naturapets.fr/xmnx,http://naturapets.local/medaillons/np-8p5fsqhrqn/
https://naturapets.fr/ylrx,http://naturapets.local/medaillons/np-ekqvbneyof/
https://naturapets.fr/dovq,http://naturapets.local/medaillons/np-ombgiie6od/
https://naturapets.fr/uoip,http://naturapets.local/medaillons/np-whgifif6j5/
https://naturapets.fr/kyme,http://naturapets.local/medaillons/np-pxdz8qlg5y/
https://naturapets.fr/zeba,http://naturapets.local/medaillons/np-65rrguotoe/
https://naturapets.fr/njla,http://naturapets.local/medaillons/np-r8lidryi3q/
https://naturapets.fr/dajs,http://naturapets.local/medaillons/np-nb2jcj5xiq/
https://naturapets.fr/nmdk,http://naturapets.local/medaillons/np-hmfpcp3zou/
https://naturapets.fr/wyga,http://naturapets.local/medaillons/np-pj9ov2oxlv/
https://naturapets.fr/drgp,http://naturapets.local/medaillons/np-qcecy3ixy7/
https://naturapets.fr/ebrx,http://naturapets.local/medaillons/np-rst4smgmgy/
https://naturapets.fr/qkqs,http://naturapets.local/medaillons/np-ib8xqmgccg/
https://naturapets.fr/vvxj,http://naturapets.local/medaillons/np-ldnhk0nqam/
https://naturapets.fr/tijz,http://naturapets.local/medaillons/np-2ojlo2jwa9/
https://naturapets.fr/eqei,http://naturapets.local/medaillons/np-x8kbmes3b8/
https://naturapets.fr/jbvo,http://naturapets.local/medaillons/np-tvlgwqyg1z/
https://naturapets.fr/aplh,http://naturapets.local/medaillons/np-ylfh8lgicf/
https://naturapets.fr/gyxi,http://naturapets.local/medaillons/np-nlvx5bqm7w/
https://naturapets.fr/niab,http://naturapets.local/medaillons/np-czcs0m41ka/
https://naturapets.fr/fliz,http://naturapets.local/medaillons/np-s4hafuimom/
https://naturapets.fr/tdrl,http://naturapets.local/medaillons/np-7gpvijcifr/
https://naturapets.fr/sptv,http://naturapets.local/medaillons/np-evrxo2tyye/
https://naturapets.fr/dzkh,http://naturapets.local/medaillons/np-3tje6w2fpr/
https://naturapets.fr/jptz,http://naturapets.local/medaillons/np-irjsxvznhl/
https://naturapets.fr/fomg,http://naturapets.local/medaillons/np-ekghr7mlka/
https://naturapets.fr/nypp,http://naturapets.local/medaillons/np-e2axok4lk2/
https://naturapets.fr/ifgi,http://naturapets.local/medaillons/np-oe5hocl1cg/
https://naturapets.fr/aapa,http://naturapets.local/medaillons/np-hvrr8f5hbn/
https://naturapets.fr/ncaj,http://naturapets.local/medaillons/np-tmj77gskdo/
https://naturapets.fr/ufyh,http://naturapets.local/medaillons/np-tfcz4dygi5/
https://naturapets.fr/iccw,http://naturapets.local/medaillons/np-nbbgdwixju/
https://naturapets.fr/khjn,http://naturapets.local/medaillons/np-1d5dssytrk/
https://naturapets.fr/dkqa,http://naturapets.local/medaillons/np-sworp3mdjq/
https://naturapets.fr/dtnd,http://naturapets.local/medaillons/np-fczn1dhbmb/
https://naturapets.fr/eboa,http://naturapets.local/medaillons/np-1lpv6f6zop/
https://naturapets.fr/fhwz,http://naturapets.local/medaillons/np-ahoxov6n2u/
https://naturapets.fr/ppmi,http://naturapets.local/medaillons/np-fs08oge7vw/
https://naturapets.fr/luiv,http://naturapets.local/medaillons/np-w8lqt3kd4x/
https://naturapets.fr/zuzn,http://naturapets.local/medaillons/np-lzud62fmwd/
https://naturapets.fr/cqgf,http://naturapets.local/medaillons/np-7sa0q5wkry/
https://naturapets.fr/bwph,http://naturapets.local/medaillons/np-zsm2hworhw/
https://naturapets.fr/fytn,http://naturapets.local/medaillons/np-vyvldf1qr6/
https://naturapets.fr/bfpt,http://naturapets.local/medaillons/np-lmlst9ygtk/
https://naturapets.fr/nyjk,http://naturapets.local/medaillons/np-xbimnqllmp/
https://naturapets.fr/ziop,http://naturapets.local/medaillons/np-glwgxybbie/
https://naturapets.fr/ozkc,http://naturapets.local/medaillons/np-nj7vvvdgux/
https://naturapets.fr/dduj,http://naturapets.local/medaillons/np-9o8fnzz80y/
https://naturapets.fr/vorr,http://naturapets.local/medaillons/np-4yn2kj3iyz/
https://naturapets.fr/ebwr,http://naturapets.local/medaillons/np-3zmc1ks2ek/
https://naturapets.fr/hioj,http://naturapets.local/medaillons/np-0e9bbkndas/
https://naturapets.fr/sfeb,http://naturapets.local/medaillons/np-wvlcjdiwef/
https://naturapets.fr/xfxf,http://naturapets.local/medaillons/np-t8t9zehrfa/
https://naturapets.fr/byvv,http://naturapets.local/medaillons/np-cql0msmsd6/
https://naturapets.fr/tagw,http://naturapets.local/medaillons/np-msnabjynor/
https://naturapets.fr/lwqr,http://naturapets.local/medaillons/np-sbxjvtx00b/
https://naturapets.fr/oshn,http://naturapets.local/medaillons/np-xtjuyja4jw/
https://naturapets.fr/hajs,http://naturapets.local/medaillons/np-vlpxo9oth9/
https://naturapets.fr/izez,http://naturapets.local/medaillons/np-z54t18e66p/
https://naturapets.fr/jkto,http://naturapets.local/medaillons/np-swvgmfw5fy/
https://naturapets.fr/qhjg,http://naturapets.local/medaillons/np-wjz8r5uncg/
https://naturapets.fr/ueld,http://naturapets.local/medaillons/np-lgxsmm5jkd/
https://naturapets.fr/cicb,http://naturapets.local/medaillons/np-5ryn5jtnuf/
https://naturapets.fr/usnv,http://naturapets.local/medaillons/np-tku3win9qv/
https://naturapets.fr/vxxs,http://naturapets.local/medaillons/np-dxmqbwz0de/
https://naturapets.fr/wukd,http://naturapets.local/medaillons/np-4fr2uaappb/
https://naturapets.fr/igut,http://naturapets.local/medaillons/np-nscrfyy71a/
https://naturapets.fr/nton,http://naturapets.local/medaillons/np-wtnrtbj0oa/
https://naturapets.fr/uted,http://naturapets.local/medaillons/np-sovnf83cg7/
https://naturapets.fr/pujp,http://naturapets.local/medaillons/np-6e0jqwerav/
https://naturapets.fr/ofua,http://naturapets.local/medaillons/np-lrgl3uurwo/
https://naturapets.fr/borq,http://naturapets.local/medaillons/np-yrnljki24l/
https://naturapets.fr/uyaa,http://naturapets.local/medaillons/np-xs0aejymjd/
https://naturapets.fr/otbu,http://naturapets.local/medaillons/np-btyntg8ven/
https://naturapets.fr/kqmh,http://naturapets.local/medaillons/np-jtxzmjd7qw/
https://naturapets.fr/ehul,http://naturapets.local/medaillons/np-iomcq6loka/
https://naturapets.fr/legf,http://naturapets.local/medaillons/np-05mqtp70p7/
https://naturapets.fr/fpwb,http://naturapets.local/medaillons/np-njhn400kzg/
https://naturapets.fr/rqli,http://naturapets.local/medaillons/np-5uiozlvcun/
https://naturapets.fr/govp,http://naturapets.local/medaillons/np-j4gpe2gnr9/
https://naturapets.fr/zmnx,http://naturapets.local/medaillons/np-5jxcipimgt/
https://naturapets.fr/wofa,http://naturapets.local/medaillons/np-hmkljura9q/
https://naturapets.fr/mdqt,http://naturapets.local/medaillons/np-70eu068rxp/
https://naturapets.fr/xirb,http://naturapets.local/medaillons/np-ft8smtp0iu/
https://naturapets.fr/cnds,http://naturapets.local/medaillons/np-9vlc4vjscx/
https://naturapets.fr/nqez,http://naturapets.local/medaillons/np-5jk9laxbut/
https://naturapets.fr/fkqk,http://naturapets.local/medaillons/np-eh3vw4vplz/
https://naturapets.fr/qfhy,http://naturapets.local/medaillons/np-vuh20urunl/
https://naturapets.fr/fbqi,http://naturapets.local/medaillons/np-s85t8r6vhf/
https://naturapets.fr/gkzp,http://naturapets.local/medaillons/np-myc2bimcaj/
https://naturapets.fr/vwpf,http://naturapets.local/medaillons/np-svrbf3barw/
https://naturapets.fr/bdwq,http://naturapets.local/medaillons/np-qwnjokmyop/
https://naturapets.fr/lgoe,http://naturapets.local/medaillons/np-rkjfgu2iut/
https://naturapets.fr/cjuo,http://naturapets.local/medaillons/np-rthfmcyubp/
https://naturapets.fr/xwon,http://naturapets.local/medaillons/np-2nf9fmgqqi/
https://naturapets.fr/psac,http://naturapets.local/medaillons/np-wcwvxpv766/
https://naturapets.fr/pfwc,http://naturapets.local/medaillons/np-k6nqsa0xsd/
https://naturapets.fr/nufp,http://naturapets.local/medaillons/np-j7umuhkuk8/
https://naturapets.fr/ceis,http://naturapets.local/medaillons/np-jj9c1lbt02/
https://naturapets.fr/vhop,http://naturapets.local/medaillons/np-tl5yszrfzc/
https://naturapets.fr/fvzk,http://naturapets.local/medaillons/np-aqc8tgxazb/
https://naturapets.fr/alxi,http://naturapets.local/medaillons/np-ttxcol23dh/
https://naturapets.fr/hxvb,http://naturapets.local/medaillons/np-6l5indji4j/
https://naturapets.fr/elkz,http://naturapets.local/medaillons/np-yyl0cpt8rg/
https://naturapets.fr/yans,http://naturapets.local/medaillons/np-42wnypwlwu/
https://naturapets.fr/xdds,http://naturapets.local/medaillons/np-1thf6j6zo6/
https://naturapets.fr/yjxi,http://naturapets.local/medaillons/np-aulam2scq9/
https://naturapets.fr/lezg,http://naturapets.local/medaillons/np-wnfk1enku7/
https://naturapets.fr/hjor,http://naturapets.local/medaillons/np-pne1q1tims/
https://naturapets.fr/vfrk,http://naturapets.local/medaillons/np-bxvrbalbcn/
https://naturapets.fr/echq,http://naturapets.local/medaillons/np-cei9elk6ag/
https://naturapets.fr/xlzm,http://naturapets.local/medaillons/np-swoeu1swwt/
https://naturapets.fr/tcmt,http://naturapets.local/medaillons/np-wfpr1upnno/
https://naturapets.fr/nxnx,http://naturapets.local/medaillons/np-88ocagy5ps/
https://naturapets.fr/esli,http://naturapets.local/medaillons/np-dsb8vwx5px/
https://naturapets.fr/thnv,http://naturapets.local/medaillons/np-crsgxernt1/
https://naturapets.fr/arzs,http://naturapets.local/medaillons/np-ci1cavsh8d/
https://naturapets.fr/zmjl,http://naturapets.local/medaillons/np-4xgiohmqsm/
https://naturapets.fr/atgb,http://naturapets.local/medaillons/np-jdss42aaf5/
https://naturapets.fr/qodb,http://naturapets.local/medaillons/np-t70sz80eos/
https://naturapets.fr/eisp,http://naturapets.local/medaillons/np-epnpnjadgk/
https://naturapets.fr/nvwo,http://naturapets.local/medaillons/np-ekvgrnr64w/
https://naturapets.fr/dbor,http://naturapets.local/medaillons/np-0erkvsftpg/
https://naturapets.fr/hwkd,http://naturapets.local/medaillons/np-epsmdeayhy/
https://naturapets.fr/ozmm,http://naturapets.local/medaillons/np-ymwc6czrtx/
https://naturapets.fr/qvsn,http://naturapets.local/medaillons/np-x8eauthrlp/
https://naturapets.fr/cqgz,http://naturapets.local/medaillons/np-ooxjyw4njv/
https://naturapets.fr/anjz,http://naturapets.local/medaillons/np-k20dexelnh/
https://naturapets.fr/nfqq,http://naturapets.local/medaillons/np-zvpzozdldp/
https://naturapets.fr/mmtr,http://naturapets.local/medaillons/np-4vixpshxoz/
https://naturapets.fr/yzte,http://naturapets.local/medaillons/np-emyctyot1g/
https://naturapets.fr/ibui,http://naturapets.local/medaillons/np-p1d9kald5t/
https://naturapets.fr/zkfh,http://naturapets.local/medaillons/np-hdnys1rbdy/
https://naturapets.fr/mksj,http://naturapets.local/medaillons/np-lhlicb7j1e/
https://naturapets.fr/fzsx,http://naturapets.local/medaillons/np-w3flablpha/
https://naturapets.fr/yxpn,http://naturapets.local/medaillons/np-xqnrhyinmt/
https://naturapets.fr/mhwt,http://naturapets.local/medaillons/np-jekb96jhnd/
https://naturapets.fr/vczv,http://naturapets.local/medaillons/np-7ryxyjzxof/
https://naturapets.fr/otfv,http://naturapets.local/medaillons/np-ozrunicpss/
https://naturapets.fr/msxh,http://naturapets.local/medaillons/np-1emxqpregg/
https://naturapets.fr/tkwt,http://naturapets.local/medaillons/np-gpuxzgcrti/
https://naturapets.fr/cpmi,http://naturapets.local/medaillons/np-xgk9iyxs0x/
https://naturapets.fr/icen,http://naturapets.local/medaillons/np-t7zgls5fcn/
https://naturapets.fr/vxcr,http://naturapets.local/medaillons/np-ec3vzwhico/
https://naturapets.fr/jxrh,http://naturapets.local/medaillons/np-5tlns1z8nx/
https://naturapets.fr/npam,http://naturapets.local/medaillons/np-cmu4vlo8im/
https://naturapets.fr/oako,http://naturapets.local/medaillons/np-ai83ti9obr/
https://naturapets.fr/ndvv,http://naturapets.local/medaillons/np-3f9xnyj0ov/
https://naturapets.fr/zatp,http://naturapets.local/medaillons/np-jr2st3dpes/
https://naturapets.fr/typj,http://naturapets.local/medaillons/np-vcmgptjjjp/
https://naturapets.fr/dcze,http://naturapets.local/medaillons/np-kdagbfndbp/
https://naturapets.fr/ycxi,http://naturapets.local/medaillons/np-iz2rfc6d0i/
https://naturapets.fr/ftfe,http://naturapets.local/medaillons/np-izskggadxf/
https://naturapets.fr/dfbp,http://naturapets.local/medaillons/np-zp0c2ffhnx/
https://naturapets.fr/dqhm,http://naturapets.local/medaillons/np-nu7ylscuv4/
https://naturapets.fr/djpc,http://naturapets.local/medaillons/np-ifthkjzwaj/
https://naturapets.fr/vsls,http://naturapets.local/medaillons/np-7fkdn10in7/
https://naturapets.fr/ohkb,http://naturapets.local/medaillons/np-32i5t0ayr8/
https://naturapets.fr/kesq,http://naturapets.local/medaillons/np-ifbem63tx2/
https://naturapets.fr/dmva,http://naturapets.local/medaillons/np-nciidgm5hr/
https://naturapets.fr/tvbn,http://naturapets.local/medaillons/np-werrybd9zm/
https://naturapets.fr/hqsw,http://naturapets.local/medaillons/np-omtlryhbh6/
https://naturapets.fr/ljib,http://naturapets.local/medaillons/np-rdtpidw9kq/
https://naturapets.fr/avsr,http://naturapets.local/medaillons/np-jadazpqv0w/
https://naturapets.fr/jqae,http://naturapets.local/medaillons/np-iljy4gkdwe/
https://naturapets.fr/jrec,http://naturapets.local/medaillons/np-8kniwcwani/
https://naturapets.fr/vrdh,http://naturapets.local/medaillons/np-twvrnw3ixp/
https://naturapets.fr/mrin,http://naturapets.local/medaillons/np-8dq56qflza/
https://naturapets.fr/ppmd,http://naturapets.local/medaillons/np-9iynlc8lcp/
https://naturapets.fr/xkdn,http://naturapets.local/medaillons/np-k1upm0ser3/
https://naturapets.fr/pbhs,http://naturapets.local/medaillons/np-9tzeg21xsx/
https://naturapets.fr/eeyo,http://naturapets.local/medaillons/np-ajjzoaztay/
https://naturapets.fr/blrf,http://naturapets.local/medaillons/np-bbmkqmsnpw/
https://naturapets.fr/vetc,http://naturapets.local/medaillons/np-deod72eini/
https://naturapets.fr/ccbt,http://naturapets.local/medaillons/np-8pbuxw6avh/
https://naturapets.fr/xign,http://naturapets.local/medaillons/np-ixqdkpogvw/
https://naturapets.fr/rdiq,http://naturapets.local/medaillons/np-y3wn3fhzn7/
https://naturapets.fr/gjsu,http://naturapets.local/medaillons/np-uv1q1qxhdd/
https://naturapets.fr/dsuk,http://naturapets.local/medaillons/np-tprhursggz/
https://naturapets.fr/kbcc,http://naturapets.local/medaillons/np-7ev72ra7dp/
https://naturapets.fr/eonn,http://naturapets.local/medaillons/np-zj1gio7jgi/
https://naturapets.fr/lgxe,http://naturapets.local/medaillons/np-fk4g5elmpd/
https://naturapets.fr/hzey,http://naturapets.local/medaillons/np-2o7osa31kn/
https://naturapets.fr/ekrz,http://naturapets.local/medaillons/np-zc1aaw4y9m/
https://naturapets.fr/npbh,http://naturapets.local/medaillons/np-pbjxbtuiy9/
https://naturapets.fr/ilcm,http://naturapets.local/medaillons/np-m5yw4rzbeg/
https://naturapets.fr/xayx,http://naturapets.local/medaillons/np-uuxwjleltv/
https://naturapets.fr/zflc,http://naturapets.local/medaillons/np-tlvpfu1arf/
https://naturapets.fr/zibb,http://naturapets.local/medaillons/np-mrtx0tabuu/
https://naturapets.fr/ytjz,http://naturapets.local/medaillons/np-6km0e0vaqn/
https://naturapets.fr/mdbo,http://naturapets.local/medaillons/np-arzv7in00o/
https://naturapets.fr/oxuu,http://naturapets.local/medaillons/np-xpnbhwieuc/
https://naturapets.fr/hyux,http://naturapets.local/medaillons/np-swjxxevvqt/
https://naturapets.fr/ztyi,http://naturapets.local/medaillons/np-pd3zo8vdbi/
https://naturapets.fr/svmu,http://naturapets.local/medaillons/np-3w9flb61q0/
https://naturapets.fr/lacu,http://naturapets.local/medaillons/np-hh72w8eot0/
https://naturapets.fr/nmkz,http://naturapets.local/medaillons/np-e0ired8heu/
https://naturapets.fr/phza,http://naturapets.local/medaillons/np-g8bd7dvmvk/
https://naturapets.fr/dynb,http://naturapets.local/medaillons/np-pmujolnf4v/
https://naturapets.fr/wvbq,http://naturapets.local/medaillons/np-h2wmekpmym/
https://naturapets.fr/falz,http://naturapets.local/medaillons/np-tizxfqb72c/
https://naturapets.fr/lhpk,http://naturapets.local/medaillons/np-cqq8ckpiy8/
https://naturapets.fr/uquo,http://naturapets.local/medaillons/np-unpdqpxjen/
https://naturapets.fr/nzrf,http://naturapets.local/medaillons/np-mcbef0vj8y/
https://naturapets.fr/khyd,http://naturapets.local/medaillons/np-irpzvbp90y/
https://naturapets.fr/dffw,http://naturapets.local/medaillons/np-idjd81ljfx/
https://naturapets.fr/lwgu,http://naturapets.local/medaillons/np-jefszpegsr/
https://naturapets.fr/sszx,http://naturapets.local/medaillons/np-oryshw6ftn/
https://naturapets.fr/tocf,http://naturapets.local/medaillons/np-wjahoihifi/
https://naturapets.fr/cocq,http://naturapets.local/medaillons/np-dcqx0ti6yr/
https://naturapets.fr/zlbu,http://naturapets.local/medaillons/np-rcvoaklge5/
https://naturapets.fr/fqlj,http://naturapets.local/medaillons/np-nbf6k17cot/
https://naturapets.fr/mold,http://naturapets.local/medaillons/np-ejljandsyk/
https://naturapets.fr/scvt,http://naturapets.local/medaillons/np-2wujgadcr6/
https://naturapets.fr/pvgj,http://naturapets.local/medaillons/np-raici4p2j2/
https://naturapets.fr/agwz,http://naturapets.local/medaillons/np-xsx0b6uyfg/
https://naturapets.fr/tvui,http://naturapets.local/medaillons/np-rfs0ta7jsm/
https://naturapets.fr/dqhh,http://naturapets.local/medaillons/np-pqniocihpq/
https://naturapets.fr/fbll,http://naturapets.local/medaillons/np-c3hr0xcskq/
https://naturapets.fr/vcrd,http://naturapets.local/medaillons/np-pfwnwbhgvu/
https://naturapets.fr/fueb,http://naturapets.local/medaillons/np-kp1zdsncyf/
https://naturapets.fr/nxqq,http://naturapets.local/medaillons/np-0hyarwi23q/
https://naturapets.fr/bbnx,http://naturapets.local/medaillons/np-zxlilbyyz6/
https://naturapets.fr/xmqc,http://naturapets.local/medaillons/np-iinkgbfs2a/
https://naturapets.fr/twax,http://naturapets.local/medaillons/np-bqtmngqy39/
https://naturapets.fr/nctp,http://naturapets.local/medaillons/np-uncgvvruth/
https://naturapets.fr/pnxy,http://naturapets.local/medaillons/np-3msgokaqpp/
https://naturapets.fr/rzrv,http://naturapets.local/medaillons/np-5uyp8khcnz/
https://naturapets.fr/ltsj,http://naturapets.local/medaillons/np-hwpxd1uh9r/
https://naturapets.fr/johu,http://naturapets.local/medaillons/np-piggccrwdg/
https://naturapets.fr/ealf,http://naturapets.local/medaillons/np-vsvi0egary/
https://naturapets.fr/powe,http://naturapets.local/medaillons/np-gmfpf4lwq6/
https://naturapets.fr/iioc,http://naturapets.local/medaillons/np-ewj7wzhez7/
https://naturapets.fr/xgnw,http://naturapets.local/medaillons/np-nnmk41z0ft/
https://naturapets.fr/ktvp,http://naturapets.local/medaillons/np-2hk25tc7q9/
https://naturapets.fr/jizc,http://naturapets.local/medaillons/np-1bahkj1edd/
https://naturapets.fr/nzid,http://naturapets.local/medaillons/np-cbl1pxki1b/
https://naturapets.fr/flms,http://naturapets.local/medaillons/np-khywrhtmoz/
https://naturapets.fr/ihyh,http://naturapets.local/medaillons/np-uejy5sgmnw/
https://naturapets.fr/sgfi,http://naturapets.local/medaillons/np-45zc98wiqx/
https://naturapets.fr/ujbk,http://naturapets.local/medaillons/np-ap98tbjdyo/
https://naturapets.fr/ltqh,http://naturapets.local/medaillons/np-9slkswzllp/
https://naturapets.fr/jbsn,http://naturapets.local/medaillons/np-d7jy4mkfgw/
https://naturapets.fr/vkkr,http://naturapets.local/medaillons/np-exp2voeygq/
https://naturapets.fr/sifx,http://naturapets.local/medaillons/np-68wqgyv8bl/
https://naturapets.fr/jogb,http://naturapets.local/medaillons/np-c7mokka1zk/
https://naturapets.fr/intq,http://naturapets.local/medaillons/np-9ymojihcah/
https://naturapets.fr/glej,http://naturapets.local/medaillons/np-s3sixlpa6e/
https://naturapets.fr/qkif,http://naturapets.local/medaillons/np-buu6wn8iwu/
https://naturapets.fr/hpzb,http://naturapets.local/medaillons/np-ypq5ysbnww/
https://naturapets.fr/edhu,http://naturapets.local/medaillons/np-ycxtzltknq/
https://naturapets.fr/zzvj,http://naturapets.local/medaillons/np-adnqsvv0vt/
https://naturapets.fr/ieue,http://naturapets.local/medaillons/np-kbwlxx9brx/
https://naturapets.fr/gclh,http://naturapets.local/medaillons/np-f7igyzctft/
https://naturapets.fr/xabi,http://naturapets.local/medaillons/np-qeladjckak/
https://naturapets.fr/leux,http://naturapets.local/medaillons/np-8j83dlz6mu/
https://naturapets.fr/iygw,http://naturapets.local/medaillons/np-5vs4asqf8s/
https://naturapets.fr/axej,http://naturapets.local/medaillons/np-kyix0algvo/
https://naturapets.fr/ucnm,http://naturapets.local/medaillons/np-amekfzynkp/
https://naturapets.fr/gqwg,http://naturapets.local/medaillons/np-z3nvhwccpi/
https://naturapets.fr/ydxg,http://naturapets.local/medaillons/np-npabcdjcdv/
https://naturapets.fr/onne,http://naturapets.local/medaillons/np-8n4aluhrml/
https://naturapets.fr/eyiq,http://naturapets.local/medaillons/np-mnicbf8va0/
https://naturapets.fr/ojok,http://naturapets.local/medaillons/np-skowetuocd/
https://naturapets.fr/szly,http://naturapets.local/medaillons/np-p9jw7iqikw/
https://naturapets.fr/jsve,http://naturapets.local/medaillons/np-noekvkin5g/
https://naturapets.fr/wotb,http://naturapets.local/medaillons/np-mptaocy9ks/
https://naturapets.fr/uqgx,http://naturapets.local/medaillons/np-98ot6hcfiv/
https://naturapets.fr/oold,http://naturapets.local/medaillons/np-iu4ouxrrby/
https://naturapets.fr/cqdp,http://naturapets.local/medaillons/np-qld6qic8ti/
https://naturapets.fr/xowp,http://naturapets.local/medaillons/np-ehtuer8wjo/
https://naturapets.fr/knlf,http://naturapets.local/medaillons/np-bjqeul0bsy/
https://naturapets.fr/rbzg,http://naturapets.local/medaillons/np-cvpylql0kp/
https://naturapets.fr/ngxp,http://naturapets.local/medaillons/np-yjepcwja9p/
https://naturapets.fr/vxoa,http://naturapets.local/medaillons/np-wvimxnw244/
https://naturapets.fr/tdok,http://naturapets.local/medaillons/np-hfmwfan153/
https://naturapets.fr/zpeq,http://naturapets.local/medaillons/np-il5trzlwmr/
https://naturapets.fr/xmrw,http://naturapets.local/medaillons/np-zdg2bx6fjm/
https://naturapets.fr/wvds,http://naturapets.local/medaillons/np-8mhc6ktleh/
https://naturapets.fr/jihd,http://naturapets.local/medaillons/np-jt09uofdhs/
https://naturapets.fr/iogn,http://naturapets.local/medaillons/np-6mqdq0pxja/
https://naturapets.fr/vhaw,http://naturapets.local/medaillons/np-ydoihqr0ma/
https://naturapets.fr/liey,http://naturapets.local/medaillons/np-fiks8jg1sd/
https://naturapets.fr/bxcr,http://naturapets.local/medaillons/np-nft6ilhxai/
https://naturapets.fr/oggg,http://naturapets.local/medaillons/np-ku3efb863m/
https://naturapets.fr/ifrx,http://naturapets.local/medaillons/np-nfb2xq7j5m/
https://naturapets.fr/eqpg,http://naturapets.local/medaillons/np-8nlyqt1su1/
https://naturapets.fr/xnnc,http://naturapets.local/medaillons/np-ge6whksrcq/
https://naturapets.fr/cwth,http://naturapets.local/medaillons/np-hllcztqign/
https://naturapets.fr/jeyb,http://naturapets.local/medaillons/np-nwmodkaml0/
https://naturapets.fr/idwv,http://naturapets.local/medaillons/np-ahshna2qg1/
https://naturapets.fr/aulb,http://naturapets.local/medaillons/np-qkqd6nbfjj/
https://naturapets.fr/olyz,http://naturapets.local/medaillons/np-76lovf6usc/
https://naturapets.fr/rzvy,http://naturapets.local/medaillons/np-pqr4adjypv/
https://naturapets.fr/thfc,http://naturapets.local/medaillons/np-zrtbl6xen5/
https://naturapets.fr/xxcy,http://naturapets.local/medaillons/np-63hnhsslvi/
https://naturapets.fr/mzvr,http://naturapets.local/medaillons/np-klu7orlswm/
https://naturapets.fr/mitb,http://naturapets.local/medaillons/np-bass9uleoy/
https://naturapets.fr/nyqv,http://naturapets.local/medaillons/np-8xrejxzfgx/
https://naturapets.fr/rict,http://naturapets.local/medaillons/np-cpmzssdrf1/
https://naturapets.fr/wuqm,http://naturapets.local/medaillons/np-jj3tyryp1z/
https://naturapets.fr/upzt,http://naturapets.local/medaillons/np-wnlb0bpse2/
https://naturapets.fr/pkay,http://naturapets.local/medaillons/np-3q9sdhzicp/
https://naturapets.fr/gaws,http://naturapets.local/medaillons/np-07tdj0gasr/
https://naturapets.fr/pcqj,http://naturapets.local/medaillons/np-ut26upduwy/
https://naturapets.fr/wqya,http://naturapets.local/medaillons/np-nningash8g/
https://naturapets.fr/oade,http://naturapets.local/medaillons/np-t8wh4naatj/
https://naturapets.fr/ptzi,http://naturapets.local/medaillons/np-qwjypq96ul/
https://naturapets.fr/swwt,http://naturapets.local/medaillons/np-exfdnhvcpv/
https://naturapets.fr/cuuc,http://naturapets.local/medaillons/np-x4gwk1o342/
https://naturapets.fr/ykqo,http://naturapets.local/medaillons/np-74wyify5wx/
https://naturapets.fr/atrx,http://naturapets.local/medaillons/np-so9f0tfuqw/
https://naturapets.fr/ggox,http://naturapets.local/medaillons/np-yswqw0ufwy/
https://naturapets.fr/iegg,http://naturapets.local/medaillons/np-011pbglkpb/
https://naturapets.fr/alin,http://naturapets.local/medaillons/np-ucrh0pp1di/
https://naturapets.fr/fczb,http://naturapets.local/medaillons/np-otr2ypy8zu/
https://naturapets.fr/leig,http://naturapets.local/medaillons/np-mzinmnpkh4/
https://naturapets.fr/qvmv,http://naturapets.local/medaillons/np-krugx1tpe3/
https://naturapets.fr/orug,http://naturapets.local/medaillons/np-vzoipsprzx/
https://naturapets.fr/kztk,http://naturapets.local/medaillons/np-cbwgnlk8ln/
https://naturapets.fr/xymj,http://naturapets.local/medaillons/np-2uw5qevyks/
https://naturapets.fr/gegr,http://naturapets.local/medaillons/np-qfbtisesl2/
https://naturapets.fr/tmaf,http://naturapets.local/medaillons/np-hmx9uuyono/
https://naturapets.fr/drpe,http://naturapets.local/medaillons/np-kld0xdbuuh/
https://naturapets.fr/xxnk,http://naturapets.local/medaillons/np-nih1auzdt0/
https://naturapets.fr/plnn,http://naturapets.local/medaillons/np-adxnuzbwbk/
https://naturapets.fr/dhjl,http://naturapets.local/medaillons/np-yhljwsrh6d/
https://naturapets.fr/mxhr,http://naturapets.local/medaillons/np-mrzrhtadfk/
https://naturapets.fr/mffg,http://naturapets.local/medaillons/np-sa7pk1z402/
https://naturapets.fr/vefd,http://naturapets.local/medaillons/np-ktdrpek1n0/
https://naturapets.fr/wykn,http://naturapets.local/medaillons/np-l46flrwrl6/
https://naturapets.fr/jaie,http://naturapets.local/medaillons/np-5s8haxggab/
https://naturapets.fr/ovlc,http://naturapets.local/medaillons/np-yycgvchzva/
https://naturapets.fr/pndd,http://naturapets.local/medaillons/np-wc3xk1wcsw/
https://naturapets.fr/qsdb,http://naturapets.local/medaillons/np-syzjolekdd/
https://naturapets.fr/zdei,http://naturapets.local/medaillons/np-behrm6hhfw/
https://naturapets.fr/wbiy,http://naturapets.local/medaillons/np-3vfsjugcig/
https://naturapets.fr/eoqr,http://naturapets.local/medaillons/np-lvgpjykn7t/
https://naturapets.fr/mxfb,http://naturapets.local/medaillons/np-hbngxxvn8u/
https://naturapets.fr/afio,http://naturapets.local/medaillons/np-6tg836onhe/
https://naturapets.fr/mtry,http://naturapets.local/medaillons/np-xm9cfwee5g/
https://naturapets.fr/fwwj,http://naturapets.local/medaillons/np-8ce3liwkz0/
https://naturapets.fr/lyoc,http://naturapets.local/medaillons/np-d7ltrvfusj/
https://naturapets.fr/tyun,http://naturapets.local/medaillons/np-rw2xboaxft/
https://naturapets.fr/yrzi,http://naturapets.local/medaillons/np-awyhm7whw3/
https://naturapets.fr/oiyt,http://naturapets.local/medaillons/np-sltwvuno1z/
https://naturapets.fr/zedp,http://naturapets.local/medaillons/np-uebixesbzz/
